Step,Energy,RMSD
-1,-1672600.7304719978,0.021402874775526878
0,-1672600.723730417,0.021402874775526878
1,-1672600.715233209,0.010796504695304023
2,-1672600.7082055293,0.010796504695304023
3,-1672600.7132734042,0.010796504695304023
4,-1672600.7219139778,0.010796504695304023
5,-1672600.731789703,0.010796504695304023
6,-1672600.7390429056,0.010796504695304023
7,-1672600.733242745,0.010796504695304023
8,-1672600.7305259516,0.010796504695304023
9,-1672600.7346937924,0.010796504695304023
10,-1672600.7342663708,0.010796504695304023
11,-1672600.7351862793,0.010796504695304023
12,-1672600.7334369875,0.010796504695304023
13,-1672600.7293491913,0.010796504695304023
14,-1672600.7297245534,0.010796504695304023
15,-1672600.7229982323,0.010796504695304023
16,-1672600.7288002705,0.010796504695304023
17,-1672600.7222155775,0.010796504695304023
18,-1672600.720926698,0.010796504695304023
19,-1672600.727476089,0.010796504695304023
20,-1672600.7704200682,0.010796504695304023
21,-1672600.737834296,0.010796504695304023
22,-1672600.7426264954,0.010796504695304023
23,-1672600.744346677,0.010796504695304023
24,-1672600.7450617396,0.010796504695304023
25,-1672600.7499700272,0.010796504695304023
26,-1672600.7503778527,0.010796504695304023
27,-1672600.7432591415,0.010796504695304023
28,-1672600.7420536408,0.010796504695304023
29,-1672600.742479202,0.010796504695304023
30,-1672600.7402501109,0.010796504695304023
31,-1672600.734860226,0.010796504695304023
32,-1672600.7364627218,0.010796504695304023
33,-1672600.739352247,0.010796504695304023
34,-1672600.7432520704,0.010796504695304023
35,-1672600.7442061873,0.010796504695304023
36,-1672600.7369021927,0.010796504695304023
37,-1672600.7418293052,0.010796504695304023
38,-1672600.7404885336,0.010796504695304023
39,-1672600.7387624693,0.010796504695304023
40,-1672600.728582479,0.010796504695304023
41,-1672600.7260872177,0.010796504695304023
42,-1672600.7183743343,0.010796504695304023
43,-1672600.7244088054,0.010796504695304023
44,-1672600.730434992,0.010796504695304023
45,-1672600.7327066376,0.010796504695304023
46,-1672600.7286210335,0.010796504695304023
47,-1672600.7275026636,0.010796504695304023
48,-1672600.7259513082,0.010796504695304023
49,-1672600.7256650701,0.010796504695304023
50,-1672600.7161690982,0.010796504695304023
51,-1672600.7006709077,0.016575571944128873
52,-1672600.7025654279,0.016575571944128873
53,-1672600.7119180555,0.016575571944128873
54,-1672600.7508702003,0.016575571944128873
55,-1672600.7024148547,0.016575571944128873
56,-1672600.7065356306,0.016575571944128873
57,-1672600.7020974716,0.016575571944128873
58,-1672600.7017178945,0.016575571944128873
59,-1672600.7169032374,0.016575571944128873
60,-1672600.722072152,0.016575571944128873
61,-1672600.708872692,0.016575571944128873
62,-1672600.7077370773,0.016575571944128873
63,-1672600.7101994231,0.016575571944128873
64,-1672600.7122850253,0.016575571944128873
65,-1672600.7159945364,0.016575571944128873
66,-1672600.7165172258,0.016575571944128873
67,-1672600.7128813304,0.016575571944128873
68,-1672600.7772039995,0.016575571944128873
69,-1672600.7180688689,0.016575571944128873
70,-1672600.7299984065,0.016575571944128873
71,-1672600.7275455603,0.016575571944128873
72,-1672600.7189450827,0.016575571944128873
73,-1672600.7207884642,0.016575571944128873
74,-1672600.7186105696,0.016575571944128873
75,-1672600.729725645,0.016575571944128873
76,-1672600.7171198265,0.016575571944128873
77,-1672600.7104261855,0.016575571944128873
78,-1672600.708019079,0.016575571944128873
79,-1672600.6958746107,0.016575571944128873
80,-1672600.7014756673,0.016575571944128873
81,-1672600.7107020959,0.016575571944128873
82,-1672600.7148613404,0.016575571944128873
83,-1672600.7086919248,0.016575571944128873
84,-1672600.7115003522,0.016575571944128873
85,-1672600.7017269605,0.016575571944128873
86,-1672600.7129135751,0.016575571944128873
87,-1672600.72236139,0.016575571944128873
88,-1672600.7206858601,0.016575571944128873
89,-1672600.7210037601,0.016575571944128873
90,-1672600.707044254,0.016575571944128873
91,-1672600.6986940454,0.016575571944128873
92,-1672600.748984819,0.016575571944128873
93,-1672600.7152863673,0.016575571944128873
94,-1672600.7166293736,0.016575571944128873
95,-1672600.7219346154,0.016575571944128873
96,-1672600.7310956717,0.016575571944128873
97,-1672600.7276625333,0.016575571944128873
98,-1672600.7261895684,0.016575571944128873
99,-1672600.72615265,0.016575571944128873
100,-1672600.7347461388,0.016575571944128873
101,-1672600.7329665555,0.012869317705571022
102,-1672600.733109583,0.012869317705571022
103,-1672600.7421274197,0.012869317705571022
104,-1672600.7328883077,0.012869317705571022
105,-1672600.7221343934,0.012869317705571022
106,-1672600.7123971262,0.012869317705571022
107,-1672600.7231690988,0.012869317705571022
108,-1672600.7376922509,0.012869317705571022
109,-1672600.7421358482,0.012869317705571022
110,-1672600.7367808863,0.012869317705571022
111,-1672600.732451536,0.012869317705571022
112,-1672600.7378417777,0.012869317705571022
113,-1672600.7319750774,0.012869317705571022
114,-1672600.7380858602,0.012869317705571022
115,-1672600.7312566587,0.012869317705571022
116,-1672600.7240217954,0.012869317705571022
117,-1672600.7258967704,0.012869317705571022
118,-1672600.7330516549,0.012869317705571022
119,-1672600.7393591339,0.012869317705571022
120,-1672600.741288823,0.012869317705571022
121,-1672600.741187861,0.012869317705571022
122,-1672600.7265226122,0.012869317705571022
123,-1672600.7208045886,0.012869317705571022
124,-1672600.726059228,0.012869317705571022
125,-1672600.7240688782,0.012869317705571022
126,-1672600.7281646475,0.012869317705571022
127,-1672600.7244693283,0.012869317705571022
128,-1672600.7323329397,0.012869317705571022
129,-1672600.7305809408,0.012869317705571022
130,-1672600.737478646,0.012869317705571022
131,-1672600.7347296919,0.012869317705571022
132,-1672600.734356216,0.012869317705571022
133,-1672600.7347819598,0.012869317705571022
134,-1672600.731144889,0.012869317705571022
135,-1672600.7220508924,0.012869317705571022
136,-1672600.7250135643,0.012869317705571022
137,-1672600.7352575054,0.012869317705571022
138,-1672600.7361082686,0.012869317705571022
139,-1672600.73378424,0.012869317705571022
140,-1672600.7206432482,0.012869317705571022
141,-1672600.7230123344,0.012869317705571022
142,-1672600.7274632195,0.012869317705571022
143,-1672600.7188760268,0.012869317705571022
144,-1672600.718614445,0.012869317705571022
145,-1672600.7106026835,0.012869317705571022
146,-1672600.7079941132,0.012869317705571022
147,-1672600.7210434424,0.012869317705571022
148,-1672600.7283087596,0.012869317705571022
149,-1672600.7298682195,0.012869317705571022
150,-1672600.7270954784,0.012869317705571022
151,-1672600.732283568,0.012518505950062238
152,-1672600.727635917,0.012518505950062238
153,-1672600.7251175223,0.012518505950062238
154,-1672600.729103581,0.012518505950062238
155,-1672600.7246402097,0.012518505950062238
156,-1672600.731198328,0.012518505950062238
157,-1672600.732510509,0.012518505950062238
158,-1672600.7318229189,0.012518505950062238
159,-1672600.732113309,0.012518505950062238
160,-1672600.7413792706,0.012518505950062238
161,-1672600.7373778604,0.012518505950062238
162,-1672600.736916384,0.012518505950062238
163,-1672600.7393864433,0.012518505950062238
164,-1672600.7361333773,0.012518505950062238
165,-1672600.7833635567,0.012518505950062238
166,-1672600.7640349308,0.012518505950062238
167,-1672600.7244923133,0.012518505950062238
168,-1672600.7234923863,0.012518505950062238
169,-1672600.7246780111,0.012518505950062238
170,-1672600.7230233205,0.012518505950062238
171,-1672600.7299843216,0.012518505950062238
172,-1672600.7295320982,0.012518505950062238
173,-1672600.7308303537,0.012518505950062238
174,-1672600.7257570087,0.012518505950062238
175,-1672600.722041409,0.012518505950062238
176,-1672600.7190506568,0.012518505950062238
177,-1672600.7190071945,0.012518505950062238
178,-1672600.7685217464,0.012518505950062238
179,-1672600.7226949318,0.012518505950062238
180,-1672600.7290522687,0.012518505950062238
181,-1672600.72667044,0.012518505950062238
182,-1672600.7278483633,0.012518505950062238
183,-1672600.8015488111,0.012518505950062238
184,-1672600.7236949566,0.012518505950062238
185,-1672600.724264025,0.012518505950062238
186,-1672600.7311568991,0.012518505950062238
187,-1672600.739009746,0.012518505950062238
188,-1672600.737609978,0.012518505950062238
189,-1672600.7348489647,0.012518505950062238
190,-1672600.7326849988,0.012518505950062238
191,-1672600.7357556038,0.012518505950062238
192,-1672600.7322479803,0.012518505950062238
193,-1672600.7275926669,0.012518505950062238
194,-1672600.7289248751,0.012518505950062238
195,-1672600.7334800526,0.012518505950062238
196,-1672600.7315126047,0.012518505950062238
197,-1672600.7262006085,0.012518505950062238
198,-1672600.721145152,0.012518505950062238
199,-1672600.7238659451,0.012518505950062238
200,-1672600.723581036,0.012518505950062238
201,-1672600.7301966078,0.012091983897127696
202,-1672600.7240546856,0.012091983897127696
203,-1672600.7225056796,0.012091983897127696
204,-1672600.7171082287,0.012091983897127696
205,-1672600.7171135899,0.012091983897127696
206,-1672600.7221887622,0.012091983897127696
207,-1672600.7271068136,0.012091983897127696
208,-1672600.7208362264,0.012091983897127696
209,-1672600.713776494,0.012091983897127696
210,-1672600.7166251992,0.012091983897127696
211,-1672600.7126679376,0.012091983897127696
212,-1672600.7069037727,0.012091983897127696
213,-1672600.7068031584,0.012091983897127696
214,-1672600.7056676694,0.012091983897127696
215,-1672600.7125997997,0.012091983897127696
216,-1672600.7116060948,0.012091983897127696
217,-1672600.7092558905,0.012091983897127696
218,-1672600.713299312,0.012091983897127696
219,-1672600.7120205974,0.012091983897127696
220,-1672600.7077951026,0.012091983897127696
221,-1672600.7030122778,0.012091983897127696
222,-1672600.7057278424,0.012091983897127696
223,-1672600.7155934568,0.012091983897127696
224,-1672600.7043761858,0.012091983897127696
225,-1672600.7086419347,0.012091983897127696
226,-1672600.7070941324,0.012091983897127696
227,-1672600.7108791384,0.012091983897127696
228,-1672600.7110530997,0.012091983897127696
229,-1672600.7153500933,0.012091983897127696
230,-1672600.7238907719,0.012091983897127696
231,-1672600.725334226,0.012091983897127696
232,-1672600.7230361407,0.012091983897127696
233,-1672600.7380814373,0.012091983897127696
234,-1672600.7374089018,0.012091983897127696
235,-1672600.734758079,0.012091983897127696
236,-1672600.730848071,0.012091983897127696
237,-1672600.7245259278,0.012091983897127696
238,-1672600.7284315622,0.012091983897127696
239,-1672600.7226792024,0.012091983897127696
240,-1672600.719446352,0.012091983897127696
241,-1672600.7223341328,0.012091983897127696
242,-1672600.7216460037,0.012091983897127696
243,-1672600.7196758722,0.012091983897127696
244,-1672600.711445995,0.012091983897127696
245,-1672600.7174948049,0.012091983897127696
246,-1672600.718676339,0.012091983897127696
247,-1672600.713672811,0.012091983897127696
248,-1672600.7093342498,0.012091983897127696
249,-1672600.711545839,0.012091983897127696
250,-1672600.7164329144,0.012091983897127696
251,-1672600.7230542724,0.01938271872689865
252,-1672600.7259117626,0.01938271872689865
253,-1672600.7336727355,0.01938271872689865
254,-1672600.778923913,0.01938271872689865
255,-1672600.7226946568,0.01938271872689865
256,-1672600.7315459934,0.01938271872689865
257,-1672600.7301780868,0.01938271872689865
258,-1672600.7429260996,0.01938271872689865
259,-1672600.8123694882,0.01938271872689865
260,-1672600.733510267,0.01938271872689865
261,-1672600.7308918266,0.01938271872689865
262,-1672600.7298461858,0.01938271872689865
263,-1672600.734915166,0.01938271872689865
264,-1672600.7373171858,0.01938271872689865
265,-1672600.7385679088,0.01938271872689865
266,-1672600.739581587,0.01938271872689865
267,-1672600.7405232447,0.01938271872689865
268,-1672600.7351336547,0.01938271872689865
269,-1672600.734960795,0.01938271872689865
270,-1672600.7340355057,0.01938271872689865
271,-1672600.7465922565,0.01938271872689865
272,-1672600.7397304683,0.01938271872689865
273,-1672600.751039873,0.01938271872689865
274,-1672600.7775077752,0.01938271872689865
275,-1672600.7354675531,0.01938271872689865
276,-1672600.7391630842,0.01938271872689865
277,-1672600.731751655,0.01938271872689865
278,-1672600.7883267563,0.01938271872689865
279,-1672600.776996663,0.01938271872689865
280,-1672600.73145316,0.01938271872689865
281,-1672600.7370087113,0.01938271872689865
282,-1672600.738282578,0.01938271872689865
283,-1672600.7282192188,0.01938271872689865
284,-1672600.7214059688,0.01938271872689865
285,-1672600.7242743971,0.01938271872689865
286,-1672600.721752864,0.01938271872689865
287,-1672600.7248636598,0.01938271872689865
288,-1672600.7229666186,0.01938271872689865
289,-1672600.7306610635,0.01938271872689865
290,-1672600.7290975312,0.01938271872689865
291,-1672600.7258649922,0.01938271872689865
292,-1672600.7254951023,0.01938271872689865
293,-1672600.7325840923,0.01938271872689865
294,-1672600.7382105354,0.01938271872689865
295,-1672600.7346877041,0.01938271872689865
296,-1672600.7352965141,0.01938271872689865
297,-1672600.7325449996,0.01938271872689865
298,-1672600.7419666515,0.01938271872689865
299,-1672600.7382591611,0.01938271872689865
300,-1672600.7361305917,0.01938271872689865
301,-1672600.7345159056,0.01334276494529008
302,-1672600.73286748,0.01334276494529008
303,-1672600.730991785,0.01334276494529008
304,-1672600.7296524562,0.01334276494529008
305,-1672600.7280792897,0.01334276494529008
306,-1672600.722281425,0.01334276494529008
307,-1672600.7259487857,0.01334276494529008
308,-1672600.7280792878,0.01334276494529008
309,-1672600.7263536775,0.01334276494529008
310,-1672600.7108904023,0.01334276494529008
311,-1672600.714236133,0.01334276494529008
312,-1672600.7174429381,0.01334276494529008
313,-1672600.7209738544,0.01334276494529008
314,-1672600.7169875447,0.01334276494529008
315,-1672600.7221142654,0.01334276494529008
316,-1672600.7177009643,0.01334276494529008
317,-1672600.7285533648,0.01334276494529008
318,-1672600.7302371038,0.01334276494529008
319,-1672600.733671964,0.01334276494529008
320,-1672600.7318601247,0.01334276494529008
321,-1672600.7260805182,0.01334276494529008
322,-1672600.7206460414,0.01334276494529008
323,-1672600.7259165233,0.01334276494529008
324,-1672600.7366782264,0.01334276494529008
325,-1672600.7383861062,0.01334276494529008
326,-1672600.7452939297,0.01334276494529008
327,-1672600.743203619,0.01334276494529008
328,-1672600.7404949712,0.01334276494529008
329,-1672600.732508087,0.01334276494529008
330,-1672600.7292199899,0.01334276494529008
331,-1672600.7247153465,0.01334276494529008
332,-1672600.725248164,0.01334276494529008
333,-1672600.725284703,0.01334276494529008
334,-1672600.7161865274,0.01334276494529008
335,-1672600.7132187693,0.01334276494529008
336,-1672600.714738263,0.01334276494529008
337,-1672600.7142940222,0.01334276494529008
338,-1672600.7228369198,0.01334276494529008
339,-1672600.7234510218,0.01334276494529008
340,-1672600.7109886825,0.01334276494529008
341,-1672600.7143122402,0.01334276494529008
342,-1672600.7222225773,0.01334276494529008
343,-1672600.7324880695,0.01334276494529008
344,-1672600.7255198096,0.01334276494529008
345,-1672600.7357288992,0.01334276494529008
346,-1672600.7438467299,0.01334276494529008
347,-1672600.7410947217,0.01334276494529008
348,-1672600.7401976213,0.01334276494529008
349,-1672600.7415993658,0.01334276494529008
350,-1672600.7347860392,0.01334276494529008
351,-1672600.7281753465,0.01644065410904423
352,-1672600.7337358703,0.01644065410904423
353,-1672600.7232197938,0.01644065410904423
354,-1672600.7175693866,0.01644065410904423
355,-1672600.7344494534,0.01644065410904423
356,-1672600.7408070776,0.01644065410904423
357,-1672600.7553595928,0.01644065410904423
358,-1672600.7638291891,0.01644065410904423
359,-1672600.7300574065,0.01644065410904423
360,-1672600.7387496436,0.01644065410904423
361,-1672600.7371842756,0.01644065410904423
362,-1672600.7383501313,0.01644065410904423
363,-1672600.7806319147,0.01644065410904423
364,-1672600.744639694,0.01644065410904423
365,-1672600.7503866865,0.01644065410904423
366,-1672600.7400888857,0.01644065410904423
367,-1672600.7518717346,0.01644065410904423
368,-1672600.7516140328,0.01644065410904423
369,-1672600.82512226,0.01644065410904423
370,-1672600.747525822,0.01644065410904423
371,-1672600.7581366461,0.01644065410904423
372,-1672600.7476973352,0.01644065410904423
373,-1672600.7442401617,0.01644065410904423
374,-1672600.7353511357,0.01644065410904423
375,-1672600.7335696786,0.01644065410904423
376,-1672600.7796627816,0.01644065410904423
377,-1672600.7339904502,0.01644065410904423
378,-1672600.7387898501,0.01644065410904423
379,-1672600.7337765356,0.01644065410904423
380,-1672600.7275517695,0.01644065410904423
381,-1672600.7277254695,0.01644065410904423
382,-1672600.7218935434,0.01644065410904423
383,-1672600.719269483,0.01644065410904423
384,-1672600.723323131,0.01644065410904423
385,-1672600.7268548342,0.01644065410904423
386,-1672600.735534276,0.01644065410904423
387,-1672600.7324032995,0.01644065410904423
388,-1672600.7327116597,0.01644065410904423
389,-1672600.7324441131,0.01644065410904423
390,-1672600.7332274118,0.01644065410904423
391,-1672600.735046132,0.01644065410904423
392,-1672600.740479513,0.01644065410904423
393,-1672600.740746487,0.01644065410904423
394,-1672600.7184044984,0.01644065410904423
395,-1672600.7224148954,0.01644065410904423
396,-1672600.7083565383,0.01644065410904423
397,-1672600.7095143616,0.01644065410904423
398,-1672600.7186869567,0.01644065410904423
399,-1672600.7124184216,0.01644065410904423
400,-1672600.7098064877,0.01644065410904423
401,-1672600.7060529306,0.012204607074061796
402,-1672600.7125152396,0.012204607074061796
403,-1672600.7268951505,0.012204607074061796
404,-1672600.7290793227,0.012204607074061796
405,-1672600.7242837357,0.012204607074061796
406,-1672600.7267786278,0.012204607074061796
407,-1672600.7306210848,0.012204607074061796
408,-1672600.7252592724,0.012204607074061796
409,-1672600.726517565,0.012204607074061796
410,-1672600.719046287,0.012204607074061796
411,-1672600.7412615642,0.012204607074061796
412,-1672600.7351663196,0.012204607074061796
413,-1672600.7302156314,0.012204607074061796
414,-1672600.727899559,0.012204607074061796
415,-1672600.7143662954,0.012204607074061796
416,-1672600.7121463034,0.012204607074061796
417,-1672600.7155286148,0.012204607074061796
418,-1672600.7666511189,0.012204607074061796
419,-1672600.7824966228,0.012204607074061796
420,-1672600.7593844081,0.012204607074061796
421,-1672600.7543489707,0.012204607074061796
422,-1672600.771296555,0.012204607074061796
423,-1672600.7275406634,0.012204607074061796
424,-1672600.7215370114,0.012204607074061796
425,-1672600.7108598875,0.012204607074061796
426,-1672600.7127762355,0.012204607074061796
427,-1672600.7162896316,0.012204607074061796
428,-1672600.7180108149,0.012204607074061796
429,-1672600.7197788206,0.012204607074061796
430,-1672600.7227897155,0.012204607074061796
431,-1672600.7363668142,0.012204607074061796
432,-1672600.7300347965,0.012204607074061796
433,-1672600.766172442,0.012204607074061796
434,-1672600.740280164,0.012204607074061796
435,-1672600.7542884492,0.012204607074061796
436,-1672600.7512816526,0.012204607074061796
437,-1672600.7286721254,0.012204607074061796
438,-1672600.7105949493,0.012204607074061796
439,-1672600.7446016204,0.012204607074061796
440,-1672600.780559994,0.012204607074061796
441,-1672600.7188927724,0.012204607074061796
442,-1672600.7297773655,0.012204607074061796
443,-1672600.7337255315,0.012204607074061796
444,-1672600.7285772264,0.012204607074061796
445,-1672600.723372222,0.012204607074061796
446,-1672600.7226642536,0.012204607074061796
447,-1672600.727576117,0.012204607074061796
448,-1672600.7283905495,0.012204607074061796
449,-1672600.7303106145,0.012204607074061796
450,-1672600.7352112853,0.012204607074061796
451,-1672600.7333370186,0.011043242767155346
452,-1672600.724538969,0.011043242767155346
453,-1672600.7227953875,0.011043242767155346
454,-1672600.7147422053,0.011043242767155346
455,-1672600.7212882682,0.011043242767155346
456,-1672600.7220582543,0.011043242767155346
457,-1672600.7297927737,0.011043242767155346
458,-1672600.7237662233,0.011043242767155346
459,-1672600.7203608039,0.011043242767155346
460,-1672600.729748899,0.011043242767155346
461,-1672600.7244278996,0.011043242767155346
462,-1672600.7197102203,0.011043242767155346
463,-1672600.7194360984,0.011043242767155346
464,-1672600.714615075,0.011043242767155346
465,-1672600.7057662338,0.011043242767155346
466,-1672600.701944696,0.011043242767155346
467,-1672600.7032955498,0.011043242767155346
468,-1672600.7048125204,0.011043242767155346
469,-1672600.6999133243,0.011043242767155346
470,-1672600.716756803,0.011043242767155346
471,-1672600.7037086086,0.011043242767155346
472,-1672600.7072022345,0.011043242767155346
473,-1672600.7192188534,0.011043242767155346
474,-1672600.7246015626,0.011043242767155346
475,-1672600.7291480538,0.011043242767155346
476,-1672600.7283155161,0.011043242767155346
477,-1672600.7380512524,0.011043242767155346
478,-1672600.742431983,0.011043242767155346
479,-1672600.7412098637,0.011043242767155346
480,-1672600.741058767,0.011043242767155346
481,-1672600.7421410636,0.011043242767155346
482,-1672600.7474354347,0.011043242767155346
483,-1672600.74074229,0.011043242767155346
484,-1672600.7420014038,0.011043242767155346
485,-1672600.73932094,0.011043242767155346
486,-1672600.733630749,0.011043242767155346
487,-1672600.7413584378,0.011043242767155346
488,-1672600.7461094784,0.011043242767155346
489,-1672600.7422264863,0.011043242767155346
490,-1672600.7503304726,0.011043242767155346
491,-1672600.7489372303,0.011043242767155346
492,-1672600.7435700737,0.011043242767155346
493,-1672600.7504024226,0.011043242767155346
494,-1672600.7521786394,0.011043242767155346
495,-1672600.7527164668,0.011043242767155346
496,-1672600.7559090068,0.011043242767155346
497,-1672600.75717378,0.011043242767155346
498,-1672600.7548734534,0.011043242767155346
499,-1672600.7494785713,0.011043242767155346
500,-1672600.7572377333,0.011043242767155346
501,-1672600.7534975326,0.012321629571785741
502,-1672600.7459248328,0.012321629571785741
503,-1672600.7421802818,0.012321629571785741
504,-1672600.7325551393,0.012321629571785741
505,-1672600.7203194492,0.012321629571785741
506,-1672600.7218583636,0.012321629571785741
507,-1672600.7264428318,0.012321629571785741
508,-1672600.7200389572,0.012321629571785741
509,-1672600.7221579438,0.012321629571785741
510,-1672600.7187183609,0.012321629571785741
511,-1672600.7188427087,0.012321629571785741
512,-1672600.7261258478,0.012321629571785741
513,-1672600.7303574889,0.012321629571785741
514,-1672600.7302132836,0.012321629571785741
515,-1672600.7194305968,0.012321629571785741
516,-1672600.7267448222,0.012321629571785741
517,-1672600.722702916,0.012321629571785741
518,-1672600.7457230398,0.012321629571785741
519,-1672600.730539146,0.012321629571785741
520,-1672600.7190904107,0.012321629571785741
521,-1672600.7267495922,0.012321629571785741
522,-1672600.7384989818,0.012321629571785741
523,-1672600.7398209327,0.012321629571785741
524,-1672600.7378523382,0.012321629571785741
525,-1672600.7380587794,0.012321629571785741
526,-1672600.7343755462,0.012321629571785741
527,-1672600.7313711122,0.012321629571785741
528,-1672600.7299757774,0.012321629571785741
529,-1672600.7391765441,0.012321629571785741
530,-1672600.7387368414,0.012321629571785741
531,-1672600.733133705,0.012321629571785741
532,-1672600.7321422442,0.012321629571785741
533,-1672600.7257849046,0.012321629571785741
534,-1672600.7344208066,0.012321629571785741
535,-1672600.7360688094,0.012321629571785741
536,-1672600.7257790002,0.012321629571785741
537,-1672600.7339890853,0.012321629571785741
538,-1672600.7378477857,0.012321629571785741
539,-1672600.7398473748,0.012321629571785741
540,-1672600.7363501713,0.012321629571785741
541,-1672600.728057945,0.012321629571785741
542,-1672600.7350823686,0.012321629571785741
543,-1672600.7321872462,0.012321629571785741
544,-1672600.7305614604,0.012321629571785741
545,-1672600.7237557708,0.012321629571785741
546,-1672600.7096172364,0.012321629571785741
547,-1672600.7154065338,0.012321629571785741
548,-1672600.7166919934,0.012321629571785741
549,-1672600.7208737761,0.012321629571785741
550,-1672600.7241352333,0.012321629571785741
551,-1672600.7228224685,0.011670813523221552
552,-1672600.7526503522,0.011670813523221552
553,-1672600.7148100361,0.011670813523221552
554,-1672600.7301007297,0.011670813523221552
555,-1672600.7911477585,0.011670813523221552
556,-1672600.7407022938,0.011670813523221552
557,-1672600.7221562774,0.011670813523221552
558,-1672600.724526985,0.011670813523221552
559,-1672600.7276134493,0.011670813523221552
560,-1672600.7212762635,0.011670813523221552
561,-1672600.7338480905,0.011670813523221552
562,-1672600.7237955667,0.011670813523221552
563,-1672600.741251269,0.011670813523221552
564,-1672600.7445562861,0.011670813523221552
565,-1672600.7357376392,0.011670813523221552
566,-1672600.7408204994,0.011670813523221552
567,-1672600.7423060804,0.011670813523221552
568,-1672600.7397194752,0.011670813523221552
569,-1672600.7422548519,0.011670813523221552
570,-1672600.741860123,0.011670813523221552
571,-1672600.7537288745,0.011670813523221552
572,-1672600.7495938872,0.011670813523221552
573,-1672600.7360802328,0.011670813523221552
574,-1672600.7426232016,0.011670813523221552
575,-1672600.7373708216,0.011670813523221552
576,-1672600.7391829658,0.011670813523221552
577,-1672600.7413678525,0.011670813523221552
578,-1672600.7376078528,0.011670813523221552
579,-1672600.7401772148,0.011670813523221552
580,-1672600.7280996682,0.011670813523221552
581,-1672600.7386524994,0.011670813523221552
582,-1672600.729790273,0.011670813523221552
583,-1672600.7369643508,0.011670813523221552
584,-1672600.7320500587,0.011670813523221552
585,-1672600.7337040147,0.011670813523221552
586,-1672600.7304854065,0.011670813523221552
587,-1672600.7440452797,0.011670813523221552
588,-1672600.7550883782,0.011670813523221552
589,-1672600.7281306856,0.011670813523221552
590,-1672600.7262980177,0.011670813523221552
591,-1672600.7389519948,0.011670813523221552
592,-1672600.7429838572,0.011670813523221552
593,-1672600.7421792352,0.011670813523221552
594,-1672600.7507111952,0.011670813523221552
595,-1672600.7460618122,0.011670813523221552
596,-1672600.7470806604,0.011670813523221552
597,-1672600.7511431542,0.011670813523221552
598,-1672600.7430478525,0.011670813523221552
599,-1672600.739619103,0.011670813523221552
600,-1672600.7323115226,0.011670813523221552
601,-1672600.738431019,0.0121434581814996
602,-1672600.7395772955,0.0121434581814996
603,-1672600.7419280661,0.0121434581814996
604,-1672600.7457510144,0.0121434581814996
605,-1672600.7424127022,0.0121434581814996
606,-1672600.7397472977,0.0121434581814996
607,-1672600.739625869,0.0121434581814996
608,-1672600.7361833523,0.0121434581814996
609,-1672600.7361945317,0.0121434581814996
610,-1672600.7314013327,0.0121434581814996
611,-1672600.728304392,0.0121434581814996
612,-1672600.7267382015,0.0121434581814996
613,-1672600.7282716006,0.0121434581814996
614,-1672600.7365133825,0.0121434581814996
615,-1672600.7319442627,0.0121434581814996
616,-1672600.728511149,0.0121434581814996
617,-1672600.7242102344,0.0121434581814996
618,-1672600.716521567,0.0121434581814996
619,-1672600.7180157886,0.0121434581814996
620,-1672600.7300635988,0.0121434581814996
621,-1672600.7293236419,0.0121434581814996
622,-1672600.729290618,0.0121434581814996
623,-1672600.7336467567,0.0121434581814996
624,-1672600.7364154083,0.0121434581814996
625,-1672600.739652145,0.0121434581814996
626,-1672600.741718551,0.0121434581814996
627,-1672600.7314941396,0.0121434581814996
628,-1672600.7265022208,0.0121434581814996
629,-1672600.724463657,0.0121434581814996
630,-1672600.72130378,0.0121434581814996
631,-1672600.7164703023,0.0121434581814996
632,-1672600.7581180995,0.0121434581814996
633,-1672600.7258847877,0.0121434581814996
634,-1672600.7319868398,0.0121434581814996
635,-1672600.737561333,0.0121434581814996
636,-1672600.7375016352,0.0121434581814996
637,-1672600.7372607393,0.0121434581814996
638,-1672600.7343832515,0.0121434581814996
639,-1672600.7312961211,0.0121434581814996
640,-1672600.7318384708,0.0121434581814996
641,-1672600.7251844525,0.0121434581814996
642,-1672600.727265504,0.0121434581814996
643,-1672600.7243854743,0.0121434581814996
644,-1672600.7230771633,0.0121434581814996
645,-1672600.724378574,0.0121434581814996
646,-1672600.7282509212,0.0121434581814996
647,-1672600.7336329075,0.0121434581814996
648,-1672600.7407675933,0.0121434581814996
649,-1672600.7447933317,0.0121434581814996
650,-1672600.7425593904,0.0121434581814996
651,-1672600.7441939854,0.024673721231039145
652,-1672600.7398257668,0.024673721231039145
653,-1672600.7572886632,0.024673721231039145
654,-1672600.7406871945,0.024673721231039145
655,-1672600.7320021424,0.024673721231039145
656,-1672600.725852056,0.024673721231039145
657,-1672600.7301582738,0.024673721231039145
658,-1672600.723345664,0.024673721231039145
659,-1672600.7239179844,0.024673721231039145
660,-1672600.7086351598,0.024673721231039145
661,-1672600.7079780065,0.024673721231039145
662,-1672600.7154498494,0.024673721231039145
663,-1672600.7117860697,0.024673721231039145
664,-1672600.7234080883,0.024673721231039145
665,-1672600.7238127503,0.024673721231039145
666,-1672600.7119169687,0.024673721231039145
667,-1672600.7195927436,0.024673721231039145
668,-1672600.7071735156,0.024673721231039145
669,-1672600.7128477981,0.024673721231039145
670,-1672600.7179570957,0.024673721231039145
671,-1672600.717978229,0.024673721231039145
672,-1672600.7101544864,0.024673721231039145
673,-1672600.76818975,0.024673721231039145
674,-1672600.767508327,0.024673721231039145
675,-1672600.7333631415,0.024673721231039145
676,-1672600.74017339,0.024673721231039145
677,-1672600.734689824,0.024673721231039145
678,-1672600.7360365272,0.024673721231039145
679,-1672600.7388062493,0.024673721231039145
680,-1672600.7307454383,0.024673721231039145
681,-1672600.718225132,0.024673721231039145
682,-1672600.7280910912,0.024673721231039145
683,-1672600.7372309484,0.024673721231039145
684,-1672600.7399308442,0.024673721231039145
685,-1672600.7381029604,0.024673721231039145
686,-1672600.7399740496,0.024673721231039145
687,-1672600.735134059,0.024673721231039145
688,-1672600.7323898505,0.024673721231039145
689,-1672600.7243126847,0.024673721231039145
690,-1672600.7121625019,0.024673721231039145
691,-1672600.7133014065,0.024673721231039145
692,-1672600.7104119242,0.024673721231039145
693,-1672600.7154717979,0.024673721231039145
694,-1672600.7072762924,0.024673721231039145
695,-1672600.7111121838,0.024673721231039145
696,-1672600.7184707923,0.024673721231039145
697,-1672600.7182956452,0.024673721231039145
698,-1672600.727473393,0.024673721231039145
699,-1672600.7231606008,0.024673721231039145
700,-1672600.71930998,0.024673721231039145
701,-1672600.7270952947,0.05394405376454669
702,-1672600.771577586,0.05394405376454669
703,-1672600.7085556819,0.05394405376454669
704,-1672600.747789218,0.05394405376454669
705,-1672600.707667443,0.05394405376454669
706,-1672600.7197623076,0.05394405376454669
707,-1672600.7256089477,0.05394405376454669
708,-1672600.725287695,0.05394405376454669
709,-1672600.7323605665,0.05394405376454669
710,-1672600.7335104428,0.05394405376454669
711,-1672600.7298927594,0.05394405376454669
712,-1672600.7240322183,0.05394405376454669
713,-1672600.718278543,0.05394405376454669
714,-1672600.7223142013,0.05394405376454669
715,-1672600.7166764962,0.05394405376454669
716,-1672600.7238602666,0.05394405376454669
717,-1672600.7192339066,0.05394405376454669
718,-1672600.7154728696,0.05394405376454669
719,-1672600.708449615,0.05394405376454669
720,-1672600.704983993,0.05394405376454669
721,-1672600.7623446018,0.05394405376454669
722,-1672600.7185334219,0.05394405376454669
723,-1672600.7132570462,0.05394405376454669
724,-1672600.7249593544,0.05394405376454669
725,-1672600.7191418747,0.05394405376454669
726,-1672600.7096761442,0.05394405376454669
727,-1672600.7385906465,0.05394405376454669
728,-1672600.7432769618,0.05394405376454669
729,-1672600.7457126153,0.05394405376454669
730,-1672600.7792726557,0.05394405376454669
731,-1672600.724349853,0.05394405376454669
732,-1672600.7195229563,0.05394405376454669
733,-1672600.7175812807,0.05394405376454669
734,-1672600.724705192,0.05394405376454669
735,-1672600.7211814367,0.05394405376454669
736,-1672600.7125464007,0.05394405376454669
737,-1672600.7169726852,0.05394405376454669
738,-1672600.726250802,0.05394405376454669
739,-1672600.7198884105,0.05394405376454669
740,-1672600.735312234,0.05394405376454669
741,-1672600.7407370813,0.05394405376454669
742,-1672600.7365380768,0.05394405376454669
743,-1672600.7333890067,0.05394405376454669
744,-1672600.7322829564,0.05394405376454669
745,-1672600.7336578993,0.05394405376454669
746,-1672600.731636581,0.05394405376454669
747,-1672600.7231841446,0.05394405376454669
748,-1672600.725432255,0.05394405376454669
749,-1672600.7326143964,0.05394405376454669
750,-1672600.74656859,0.05394405376454669
751,-1672600.7349312368,0.01739403088058614
752,-1672600.7246764028,0.01739403088058614
753,-1672600.7243132605,0.01739403088058614
754,-1672600.7166854867,0.01739403088058614
755,-1672600.725960001,0.01739403088058614
756,-1672600.7330450718,0.01739403088058614
757,-1672600.7378401407,0.01739403088058614
758,-1672600.7364346634,0.01739403088058614
759,-1672600.7401430595,0.01739403088058614
760,-1672600.7460933009,0.01739403088058614
761,-1672600.7520931358,0.01739403088058614
762,-1672600.74815724,0.01739403088058614
763,-1672600.7485270598,0.01739403088058614
764,-1672600.7442077247,0.01739403088058614
765,-1672600.7311073672,0.01739403088058614
766,-1672600.738836037,0.01739403088058614
767,-1672600.7390547437,0.01739403088058614
768,-1672600.7427546198,0.01739403088058614
769,-1672600.7489878086,0.01739403088058614
770,-1672600.7482236081,0.01739403088058614
771,-1672600.7439418277,0.01739403088058614
772,-1672600.7433354338,0.01739403088058614
773,-1672600.7395827428,0.01739403088058614
774,-1672600.7371329407,0.01739403088058614
775,-1672600.7363211939,0.01739403088058614
776,-1672600.732974361,0.01739403088058614
777,-1672600.7318599056,0.01739403088058614
778,-1672600.7363745011,0.01739403088058614
779,-1672600.7325053578,0.01739403088058614
780,-1672600.7313087578,0.01739403088058614
781,-1672600.7309459716,0.01739403088058614
782,-1672600.7248489475,0.01739403088058614
783,-1672600.7157101068,0.01739403088058614
784,-1672600.7147838618,0.01739403088058614
785,-1672600.7185609667,0.01739403088058614
786,-1672600.7208747917,0.01739403088058614
787,-1672600.716900894,0.01739403088058614
788,-1672600.7632070943,0.01739403088058614
789,-1672600.721551193,0.01739403088058614
790,-1672600.7157997938,0.01739403088058614
791,-1672600.7443136105,0.01739403088058614
792,-1672600.722901595,0.01739403088058614
793,-1672600.7256838602,0.01739403088058614
794,-1672600.7351967837,0.01739403088058614
795,-1672600.7439141667,0.01739403088058614
796,-1672600.7459497955,0.01739403088058614
797,-1672600.7433551028,0.01739403088058614
798,-1672600.7846900749,0.01739403088058614
799,-1672600.7438022108,0.01739403088058614
800,-1672600.7446605659,0.01739403088058614
801,-1672600.7512319903,0.013189604697955375
802,-1672600.7408225131,0.013189604697955375
803,-1672600.7430558836,0.013189604697955375
804,-1672600.73966536,0.013189604697955375
805,-1672600.7350318483,0.013189604697955375
806,-1672600.732885676,0.013189604697955375
807,-1672600.7374661234,0.013189604697955375
808,-1672600.7397069181,0.013189604697955375
809,-1672600.7358717672,0.013189604697955375
810,-1672600.7380339229,0.013189604697955375
811,-1672600.7362203102,0.013189604697955375
812,-1672600.7289078534,0.013189604697955375
813,-1672600.7218393204,0.013189604697955375
814,-1672600.7203098089,0.013189604697955375
815,-1672600.7129583964,0.013189604697955375
816,-1672600.7482799282,0.013189604697955375
817,-1672600.7139543043,0.013189604697955375
818,-1672600.710894091,0.013189604697955375
819,-1672600.7184648365,0.013189604697955375
820,-1672600.7188350842,0.013189604697955375
821,-1672600.716371624,0.013189604697955375
822,-1672600.7214274788,0.013189604697955375
823,-1672600.7213565581,0.013189604697955375
824,-1672600.722168887,0.013189604697955375
825,-1672600.7278812507,0.013189604697955375
826,-1672600.7263478197,0.013189604697955375
827,-1672600.7333658785,0.013189604697955375
828,-1672600.735293484,0.013189604697955375
829,-1672600.736291472,0.013189604697955375
830,-1672600.7344425507,0.013189604697955375
831,-1672600.7263631944,0.013189604697955375
832,-1672600.7192939802,0.013189604697955375
833,-1672600.7278737307,0.013189604697955375
834,-1672600.729508268,0.013189604697955375
835,-1672600.72948324,0.013189604697955375
836,-1672600.7231162065,0.013189604697955375
837,-1672600.7241386212,0.013189604697955375
838,-1672600.7203476722,0.013189604697955375
839,-1672600.7206665694,0.013189604697955375
840,-1672600.7258658123,0.013189604697955375
841,-1672600.720132607,0.013189604697955375
842,-1672600.7247418156,0.013189604697955375
843,-1672600.7174560418,0.013189604697955375
844,-1672600.705508776,0.013189604697955375
845,-1672600.7147344267,0.013189604697955375
846,-1672600.7157475804,0.013189604697955375
847,-1672600.7253170838,0.013189604697955375
848,-1672600.7280254238,0.013189604697955375
849,-1672600.7302646546,0.013189604697955375
850,-1672600.7355356922,0.013189604697955375
851,-1672600.7363713628,0.01292718063881802
852,-1672600.7399915198,0.01292718063881802
853,-1672600.7434884505,0.01292718063881802
854,-1672600.7471702774,0.01292718063881802
855,-1672600.7541546868,0.01292718063881802
856,-1672600.7473482308,0.01292718063881802
857,-1672600.7455225575,0.01292718063881802
858,-1672600.7458567268,0.01292718063881802
859,-1672600.7500377202,0.01292718063881802
860,-1672600.7396725048,0.01292718063881802
861,-1672600.7335237518,0.01292718063881802
862,-1672600.7333909643,0.01292718063881802
863,-1672600.7343974086,0.01292718063881802
864,-1672600.7283458004,0.01292718063881802
865,-1672600.724061807,0.01292718063881802
866,-1672600.725107752,0.01292718063881802
867,-1672600.7359169954,0.01292718063881802
868,-1672600.733987126,0.01292718063881802
869,-1672600.7303225053,0.01292718063881802
870,-1672600.7381253815,0.01292718063881802
871,-1672600.7370288495,0.01292718063881802
872,-1672600.7371484942,0.01292718063881802
873,-1672600.7778333153,0.01292718063881802
874,-1672600.732411732,0.01292718063881802
875,-1672600.7428357906,0.01292718063881802
876,-1672600.748340322,0.01292718063881802
877,-1672600.7510817875,0.01292718063881802
878,-1672600.7527300785,0.01292718063881802
879,-1672600.743931164,0.01292718063881802
880,-1672600.744472641,0.01292718063881802
881,-1672600.7629308996,0.01292718063881802
882,-1672600.755120485,0.01292718063881802
883,-1672600.7348544595,0.01292718063881802
884,-1672600.73358045,0.01292718063881802
885,-1672600.7270433202,0.01292718063881802
886,-1672600.728568089,0.01292718063881802
887,-1672600.7245956257,0.01292718063881802
888,-1672600.7226969032,0.01292718063881802
889,-1672600.7240383795,0.01292718063881802
890,-1672600.7240001757,0.01292718063881802
891,-1672600.7270669027,0.01292718063881802
892,-1672600.7292456464,0.01292718063881802
893,-1672600.7298714495,0.01292718063881802
894,-1672600.7320431937,0.01292718063881802
895,-1672600.7359199983,0.01292718063881802
896,-1672600.7400904992,0.01292718063881802
897,-1672600.7389915304,0.01292718063881802
898,-1672600.7393588447,0.01292718063881802
899,-1672600.738861383,0.01292718063881802
900,-1672600.73408993,0.01292718063881802
901,-1672600.7287605044,0.01127734646943291
902,-1672600.7323724201,0.01127734646943291
903,-1672600.7305022723,0.01127734646943291
904,-1672600.730352355,0.01127734646943291
905,-1672600.7384942425,0.01127734646943291
906,-1672600.7394907966,0.01127734646943291
907,-1672600.7413748642,0.01127734646943291
908,-1672600.7327770558,0.01127734646943291
909,-1672600.734560701,0.01127734646943291
910,-1672600.7376892772,0.01127734646943291
911,-1672600.7282562123,0.01127734646943291
912,-1672600.732009856,0.01127734646943291
913,-1672600.7345415554,0.01127734646943291
914,-1672600.7224728505,0.01127734646943291
915,-1672600.7172943654,0.01127734646943291
916,-1672600.7207197214,0.01127734646943291
917,-1672600.721712659,0.01127734646943291
918,-1672600.7237913553,0.01127734646943291
919,-1672600.7220540184,0.01127734646943291
920,-1672600.7233890726,0.01127734646943291
921,-1672600.7263265797,0.01127734646943291
922,-1672600.728261147,0.01127734646943291
923,-1672600.731065654,0.01127734646943291
924,-1672600.7311624587,0.01127734646943291
925,-1672600.7307076245,0.01127734646943291
926,-1672600.729839629,0.01127734646943291
927,-1672600.7364079477,0.01127734646943291
928,-1672600.7311622195,0.01127734646943291
929,-1672600.7269632479,0.01127734646943291
930,-1672600.7228267347,0.01127734646943291
931,-1672600.7311877583,0.01127734646943291
932,-1672600.7325994822,0.01127734646943291
933,-1672600.7330464576,0.01127734646943291
934,-1672600.7234471077,0.01127734646943291
935,-1672600.7376544932,0.01127734646943291
936,-1672600.7389566023,0.01127734646943291
937,-1672600.744336626,0.01127734646943291
938,-1672600.749596819,0.01127734646943291
939,-1672600.7787970596,0.01127734646943291
940,-1672600.7368128055,0.01127734646943291
941,-1672600.8077953868,0.01127734646943291
942,-1672600.7279870717,0.01127734646943291
943,-1672600.7364357854,0.01127734646943291
944,-1672600.7330366392,0.01127734646943291
945,-1672600.7256877078,0.01127734646943291
946,-1672600.7249049093,0.01127734646943291
947,-1672600.7341548942,0.01127734646943291
948,-1672600.724904907,0.01127734646943291
949,-1672600.7232164508,0.01127734646943291
950,-1672600.7274915297,0.01127734646943291
952,-1672600.7264051107,0.011718037029833856
953,-1672600.729748292,0.011718037029833856
954,-1672600.730600218,0.011718037029833856
955,-1672600.730811307,0.011718037029833856
956,-1672600.7261065121,0.011718037029833856
957,-1672600.7259613057,0.011718037029833856
958,-1672600.759318245,0.011718037029833856
959,-1672600.7343639398,0.011718037029833856
960,-1672600.7309512966,0.011718037029833856
961,-1672600.7310452857,0.011718037029833856
962,-1672600.725370292,0.011718037029833856
963,-1672600.7238315498,0.011718037029833856
964,-1672600.7322248877,0.011718037029833856
965,-1672600.7366524704,0.011718037029833856
966,-1672600.740245602,0.011718037029833856
967,-1672600.7458673688,0.011718037029833856
968,-1672600.7446423657,0.011718037029833856
969,-1672600.7499224322,0.011718037029833856
970,-1672600.7430249613,0.011718037029833856
971,-1672600.7474711738,0.011718037029833856
972,-1672600.7513060728,0.011718037029833856
973,-1672600.7552949598,0.011718037029833856
974,-1672600.759785712,0.011718037029833856
975,-1672600.7446414114,0.011718037029833856
976,-1672600.7459169498,0.011718037029833856
977,-1672600.73333371,0.011718037029833856
978,-1672600.7420419778,0.011718037029833856
979,-1672600.7453037766,0.011718037029833856
980,-1672600.7360319202,0.011718037029833856
981,-1672600.7530555178,0.011718037029833856
982,-1672600.732331483,0.011718037029833856
983,-1672600.7686569013,0.011718037029833856
984,-1672600.7316810165,0.011718037029833856
985,-1672600.7374059039,0.011718037029833856
986,-1672600.7236122922,0.011718037029833856
987,-1672600.7316518268,0.011718037029833856
988,-1672600.7687407772,0.011718037029833856
989,-1672600.7334864556,0.011718037029833856
990,-1672600.7297984443,0.011718037029833856
991,-1672600.7304552505,0.011718037029833856
992,-1672600.7282249853,0.011718037029833856
993,-1672600.7242041496,0.011718037029833856
994,-1672600.7333489335,0.011718037029833856
995,-1672600.728365995,0.011718037029833856
996,-1672600.726832099,0.011718037029833856
997,-1672600.7219260132,0.011718037029833856
998,-1672600.7303950815,0.011718037029833856
999,-1672600.7293329344,0.011718037029833856
1000,-1672600.7397301015,0.011718037029833856
